{
	"info": {
		"_postman_id": "3ed734ff-94a9-45e8-a808-7807350688da",
		"name": "API Education",
		"schema": "https://schema.getpostman.com/json/collection/v2.1.0/collection.json"
	},
	"item": [
		{
			"name": "Token Resource Owner Pwd",
			"event": [
				{
					"listen": "test",
					"script": {
						"id": "25909bf4-0d59-4050-8194-0812257921f8",
						"exec": [
							"pm.test(\"Response is OK\", function(){",
							"  pm.expect(pm.response.code).to.be.equal(200) ",
							"  pm.expect(pm.response.json()).to.be.an('object');",
							"  pm.expect(pm.response.json()).to.have.a.property(\"access_token\"); ",
							"  pm.environment.set(\"ACCESS_TOKEN\", pm.response.json().access_token);",
							"});",
							""
						],
						"type": "text/javascript"
					}
				}
			],
			"request": {
				"method": "POST",
				"header": [
					{
						"key": "Content-Type",
						"value": "application/x-www-form-urlencoded",
						"type": "text"
					},
					{
						"key": "accept",
						"value": "application/json",
						"type": "text"
					}
				],
				"body": {
					"mode": "urlencoded",
					"urlencoded": [
						{
							"key": "grant_type",
							"value": "password",
							"type": "text"
						},
						{
							"key": "username",
							"value": "foo",
							"type": "text"
						},
						{
							"key": "password",
							"value": "foo",
							"type": "text"
						},
						{
							"key": "client_id",
							"value": "{{integration_mobile_app_client_id}}",
							"type": "text"
						},
						{
							"key": "client_secret",
							"value": "{{integration_mobile_app_client_secret}}",
							"type": "text"
						},
						{
							"key": "scope",
							"value": "details openid",
							"type": "text"
						},
						{
							"key": "APIm-Debug",
							"value": "true",
							"type": "text"
						}
					]
				},
				"url": {
					"raw": "{{integration_gw_endpoint}}/mainprovideroa/oauth2/token",
					"host": [
						"{{integration_gw_endpoint}}"
					],
					"path": [
						"mainprovideroa",
						"oauth2",
						"token"
					]
				}
			},
			"response": []
		},
		{
			"name": "FakeMagentoOrderBA V1",
			"request": {
				"auth": {
					"type": "basic",
					"basic": [
						{
							"key": "password",
							"value": "foo",
							"type": "string"
						},
						{
							"key": "username",
							"value": "foo",
							"type": "string"
						},
						{
							"key": "saveHelperData",
							"type": "any"
						},
						{
							"key": "showPassword",
							"value": false,
							"type": "boolean"
						}
					]
				},
				"method": "POST",
				"header": [
					{
						"key": "Content-Type",
						"value": "application/json",
						"type": "text"
					},
					{
						"key": "Accept",
						"value": "application/json",
						"type": "text"
					},
					{
						"key": "X-IBM-Client-Id",
						"value": "{{integration_mobile_app_client_id}}",
						"type": "text"
					}
				],
				"body": {
					"mode": "raw",
					"raw": "{\r\n  \"orderDetails\": \"2 plates\",\r\n  \"orderDate\": \"2019-12-25T10:00:00.000Z\"\r\n}",
					"options": {
						"raw": {
							"language": "json"
						}
					}
				},
				"url": {
					"raw": "{{integration_gw_endpoint}}/fakemagento/v1/order",
					"host": [
						"{{integration_gw_endpoint}}"
					],
					"path": [
						"fakemagento",
						"v1",
						"order"
					]
				}
			},
			"response": []
		},
		{
			"name": "FakeMagentaOrderOA V2",
			"request": {
				"auth": {
					"type": "bearer",
					"bearer": [
						{
							"key": "token",
							"value": "{{ACCESS_TOKEN}}",
							"type": "string"
						}
					]
				},
				"method": "POST",
				"header": [
					{
						"key": "X-IBM-Client-Id",
						"value": "{{integration_mobile_app_client_id}}",
						"type": "text"
					},
					{
						"key": "Content-Type",
						"value": "application/json",
						"type": "text"
					},
					{
						"key": "Accept",
						"value": "application/json",
						"type": "text"
					}
				],
				"body": {
					"mode": "raw",
					"raw": "{\r\n  \"orderDetails\": \"2 plates\",\r\n  \"orderDate\": \"2019-12-25T10:00:00.000Z\"\r\n}"
				},
				"url": {
					"raw": "{{integration_gw_endpoint}}/fakemagento/v2/order",
					"host": [
						"{{integration_gw_endpoint}}"
					],
					"path": [
						"fakemagento",
						"v2",
						"order"
					]
				}
			},
			"response": []
		},
		{
			"name": "Introspect",
			"request": {
				"auth": {
					"type": "noauth"
				},
				"method": "POST",
				"header": [
					{
						"key": "Content-Type",
						"value": "application/x-www-form-urlencoded",
						"type": "text"
					},
					{
						"key": "Accept",
						"value": "application/json",
						"type": "text"
					},
					{
						"key": "x-ibm-client-id",
						"value": "{{integration_mobile_app_client_id}}",
						"type": "text"
					},
					{
						"key": "x-ibm-client-secret",
						"value": "{{integration_mobile_app_client_secret}}",
						"type": "text"
					}
				],
				"body": {
					"mode": "urlencoded",
					"urlencoded": [
						{
							"key": "token_type_hint",
							"value": "access_token",
							"type": "text"
						},
						{
							"key": "token",
							"value": "{{ACCESS_TOKEN}}",
							"type": "text"
						}
					]
				},
				"url": {
					"raw": "{{integration_gw_endpoint}}/mainprovideroa/oauth2/introspect",
					"host": [
						"{{integration_gw_endpoint}}"
					],
					"path": [
						"mainprovideroa",
						"oauth2",
						"introspect"
					]
				}
			},
			"response": []
		},
		{
			"name": "Revoke",
			"request": {
				"auth": {
					"type": "noauth"
				},
				"method": "POST",
				"header": [
					{
						"key": "Content-Type",
						"value": "application/x-www-form-urlencoded",
						"type": "text"
					},
					{
						"key": "Accept",
						"value": "application/json",
						"type": "text"
					},
					{
						"key": "x-ibm-client-id",
						"value": "{{integration_mobile_app_client_id}}",
						"type": "text"
					},
					{
						"key": "x-ibm-client-secret",
						"value": "{{integration_mobile_app_client_secret}}",
						"type": "text"
					}
				],
				"body": {
					"mode": "urlencoded",
					"urlencoded": [
						{
							"key": "token_type_hint",
							"value": "access_token",
							"type": "text"
						},
						{
							"key": "token",
							"value": "{{ACCESS_TOKEN}}",
							"type": "text"
						}
					]
				},
				"url": {
					"raw": "{{integration_gw_endpoint}}/mainprovideroa/oauth2/revoke",
					"host": [
						"{{integration_gw_endpoint}}"
					],
					"path": [
						"mainprovideroa",
						"oauth2",
						"revoke"
					]
				}
			},
			"response": []
		}
	],
	"protocolProfileBehavior": {}
}