{
	"id": "7e7120f9-7e60-4d0b-943d-0d9ded6fb8d4",
	"name": "API_Education",
	"values": [
		{
			"key": "ACCESS_TOKEN",
			"value": "AAIgNDIxMjIzZTc3M2YyMzdjNTIzMTg0MjEwMjY2MDg5NmWxfqa1OCRxiYT5iYjF1CVZrjK73_T6-xlEGC4eJ30C7CooeAqCQQsRoemS3peB0gKzd4IwU3O7kr3yzaoYeo10",
			"enabled": true
		},
		{
			"key": "integration_gw_endpoint",
			"value": "https://gw.159.8.70.38.xip.io/org1/integration",
			"enabled": true
		},
		{
			"key": "integration_mobile_app_client_id",
			"value": "421223e773f237c5231842102660896e",
			"enabled": true
		},
		{
			"key": "integration_mobile_app_client_secret",
			"value": "556a75ce26097f96ea281ed47c1cf2e7",
			"enabled": true
		},
		{
			"key": "RESOURCE_OWNER_TOKEN",
			"value": "",
			"enabled": true
		}
	],
	"_postman_variable_scope": "environment",
	"_postman_exported_at": "2020-03-21T07:00:45.374Z",
	"_postman_exported_using": "Postman/7.20.1"
}